{"cameraMode":{"drawMode":0,"name":"Shaded","section":"Shading Mode"},"sceneLighting":true,"audioPlay":false,"sceneViewState":{"m_AlwaysRefresh":false,"showFog":true,"showSkybox":true,"showFlares":true,"showImageEffects":true,"showParticleSystems":true,"showVisualEffectGraphs":true,"m_FxEnabled":true},"in2DMode":false,"pivot":{"x":-179.70809936523438,"y":46.93712615966797,"z":-39.16582489013672},"rotation":{"x":0.045370690524578097,"y":0.6733068823814392,"z":-0.041460685431957248,"w":0.7368048429489136},"size":24.895151138305665,"orthographic":false}